Sample,geographic location,disease state,pathogen,date collected
NPS-502, USA, Viral acute respiratory illness, Adenovirus, 9-20-2014
NPS-444, USA, Viral acute respiratory illness, Influenza A, 3-5-2015
NPS-445, USA, Viral acute respiratory illness, Influenza A, 3-6-2015
NPS-447, USA, Viral acute respiratory illness, Influenza A, 3-9-2015
NPS-612, USA, Viral acute respiratory illness, Influenza B, 1-6-2016
NPS-613, USA, Viral acute respiratory illness, Influenza B, 1-10-2016
NPS-614, USA, Viral acute respiratory illness, Influenza B, 1-11-2016
NPS-615, USA, Viral acute respiratory illness, Influenza B, 1-30-2016
NPS-616, USA, Viral acute respiratory illness, Influenza B, 1-30-2016
NPS-597, USA, Viral acute respiratory illness, Human metapneumovirus, 1-31-2016
NPS-618, USA, Viral acute respiratory illness, Influenza B, 2-2-2016
NPS-619, USA, Viral acute respiratory illness, Influenza B, 2-4-2016
NPS-602, USA, Viral acute respiratory illness, Human metapneumovirus, 2-8-2016
NPS-621, USA, Viral acute respiratory illness, Influenza B, 2-10-2016
NPS-622, USA, Viral acute respiratory illness, Influenza B, 2-16-2016
NPS-607, USA, Viral acute respiratory illness, Human metapneumovirus, 2-19-2016
NPS-624, USA, Viral acute respiratory illness, Influenza B, 2-21-2016
NPS-611, USA, Viral acute respiratory illness, Human metapneumovirus, 2-24-2016
NPS-627, USA, Viral acute respiratory illness, Influenza B, 2-26-2016
NPS-628, USA, Viral acute respiratory illness, Influenza B, 2-27-2016
NPS-572, USA, Viral acute respiratory illness, Parainfluenza, 7-29-2016
NPS-467, USA, Viral acute respiratory illness, Rhinovirus, 12-7-2016
NPS-468, USA, Viral acute respiratory illness, Rhinovirus, 12-8-2016
NPS-347, USA, Viral acute respiratory illness, Influenza A, 12-11-2016
NPS-356, USA, Viral acute respiratory illness, Influenza A, 12-12-2016
NPS-358, USA, Viral acute respiratory illness, Influenza A, 12-12-2016
NPS-472, USA, Viral acute respiratory illness, Rhinovirus, 12-12-2016
NPS-475, USA, Viral acute respiratory illness, Rhinovirus, 12-12-2016
NPS-363, USA, Viral acute respiratory illness, Influenza A, 12-13-2016
NPS-362, USA, Viral acute respiratory illness, Influenza A, 12-19-2016
NPS-367, USA, Viral acute respiratory illness, Influenza A, 12-19-2016
NPS-518, USA, Viral acute respiratory illness, Respiratory syncytial virus, 12-19-2016
NPS-519, USA, Viral acute respiratory illness, Respiratory syncytial virus, 12-19-2016
NPS-515, USA, Viral acute respiratory illness, Respiratory syncytial virus, 12-20-2016
NPS-355, USA, Viral acute respiratory illness, Influenza A, 12-31-2016
NPS-361, USA, Viral acute respiratory illness, Influenza A, 12-31-2016
NPS-354, USA, Viral acute respiratory illness, Influenza A, 1-1-2017
NPS-357, USA, Viral acute respiratory illness, Influenza A, 1-1-2017
NPS-370, USA, Viral acute respiratory illness, Influenza A, 1-1-2017
NPS-376, USA, Viral acute respiratory illness, Influenza A, 1-1-2017
NPS-380, USA, Viral acute respiratory illness, Influenza A, 1-1-2017
NPS-381, USA, Viral acute respiratory illness, Influenza A, 1-1-2017
NPS-384, USA, Viral acute respiratory illness, Influenza A, 1-2-2017
NPS-364, USA, Viral acute respiratory illness, Influenza A, 1-3-2017
NPS-371, USA, Viral acute respiratory illness, Influenza A, 1-3-2017
NPS-377, USA, Viral acute respiratory illness, Influenza A, 1-3-2017
NPS-386, USA, Viral acute respiratory illness, Influenza A, 1-3-2017
NPS-366, USA, Viral acute respiratory illness, Influenza A, 1-4-2017
NPS-369, USA, Viral acute respiratory illness, Influenza A, 1-4-2017
NPS-374, USA, Viral acute respiratory illness, Parainfluenza, 1-4-2017
NPS-387, USA, Viral acute respiratory illness, Influenza A, 1-4-2017
NPS-365, USA, Viral acute respiratory illness, Influenza A, 1-5-2017
NPS-348, USA, Viral acute respiratory illness, Influenza A, 1-6-2017
NPS-390, USA, Viral acute respiratory illness, Influenza A, 1-7-2017
NPS-391, USA, Viral acute respiratory illness, Influenza A, 1-7-2017
NPS-427, USA, Viral acute respiratory illness, Influenza A, 1-7-2017
NPS-389, USA, Viral acute respiratory illness, Influenza A, 1-8-2017
NPS-425, USA, Viral acute respiratory illness, Influenza A, 1-8-2017
NPS-426, USA, Viral acute respiratory illness, Influenza A, 1-8-2017
NPS-428, USA, Viral acute respiratory illness, Influenza A, 1-8-2017
NPS-430, USA, Viral acute respiratory illness, Influenza A, 1-11-2017
NPS-432, USA, Viral acute respiratory illness, Influenza A, 1-13-2017
NPS-433, USA, Viral acute respiratory illness, Influenza A, 1-13-2017
NPS-434, USA, Viral acute respiratory illness, Influenza A, 1-13-2017
NPS-435, USA, Viral acute respiratory illness, Influenza A, 1-13-2017
NPS-441, USA, Viral acute respiratory illness, Influenza A, 1-14-2017
NPS-436, USA, Viral acute respiratory illness, Influenza A, 1-15-2017
NPS-442, USA, Viral acute respiratory illness, Influenza A, 1-20-2017
NPS-406, USA, Viral acute respiratory illness, Influenza A, 2-3-2017
NPS-581, USA, Viral acute respiratory illness, Human metapneumovirus, 2-4-2017
NPS-407, USA, Viral acute respiratory illness, Influenza A, 2-6-2017
NPS-409, USA, Viral acute respiratory illness, Influenza A, 2-6-2017
NPS-413, USA, Viral acute respiratory illness, Influenza A, 2-9-2017
NPS-554, USA, Viral acute respiratory illness, Parainfluenza, 2-9-2017
NPS-404, USA, Viral acute respiratory illness, Influenza A, 2-10-2017
NPS-583, USA, Viral acute respiratory illness, Human metapneumovirus, 2-18-2017
NPS-421, USA, Viral acute respiratory illness, Influenza A, 2-25-2017
NPS-416, USA, Viral acute respiratory illness, Influenza A, 3-18-2017
NPS-591, USA, Viral acute respiratory illness, Human metapneumovirus, 4-14-2017
NPS-398, USA, Viral acute respiratory illness, Influenza B, 5-25-2017
NPS-481, USA, Viral acute respiratory illness, Adenovirus, 5-26-2017
NPS-480, USA, Viral acute respiratory illness, Adenovirus, 6-5-2017
NPS-452, USA, Viral acute respiratory illness, Rhinovirus, 1-8-2019
NPS-527, USA, Viral acute respiratory illness, Respiratory syncytial virus, 1-16-2019
NPS-528, USA, Viral acute respiratory illness, Respiratory syncytial virus, 1-16-2019
NPS-531, USA, Viral acute respiratory illness, Respiratory syncytial virus, 1-17-2019
NPS-532, USA, Viral acute respiratory illness, Respiratory syncytial virus, 1-17-2019
NPS-451, USA, Viral acute respiratory illness, Rhinovirus, 1-25-2019
NPS-453, USA, Viral acute respiratory illness, Rhinovirus, 2-6-2019
NPS-526, USA, Viral acute respiratory illness, Respiratory syncytial virus, 2-7-2019
NPS-230, USA, COVID-19, SARS-CoV-2, 3-2-2020
NPS-313, USA, COVID-19, SARS-CoV-2, 3-3-2020
NPS-216, USA, COVID-19, SARS-CoV-2, 3-10-2020
NPS-220, USA, COVID-19, SARS-CoV-2, 3-11-2020
NPS-215, USA, COVID-19, SARS-CoV-2, 3-12-2020
NP61, USA, COVID-19, SARS-CoV-2, 3-13-2020
NP62, USA, COVID-19, SARS-CoV-2, 3-13-2020
NP63, USA, COVID-19, SARS-CoV-2, 3-13-2020
NP53, USA, COVID-19, SARS-CoV-2, 3-14-2020
NP56, USA, COVID-19, SARS-CoV-2, 3-14-2020
NP57, USA, COVID-19, SARS-CoV-2, 3-14-2020
NP64, USA, COVID-19, SARS-CoV-2, 3-14-2020
NP51, USA, COVID-19, SARS-CoV-2, 3-15-2020
NP52, USA, COVID-19, SARS-CoV-2, 3-15-2020
NP59, USA, COVID-19, SARS-CoV-2, 3-15-2020
NP41, USA, COVID-19, SARS-CoV-2, 3-16-2020
NP42, USA, COVID-19, SARS-CoV-2, 3-16-2020
NP43, USA, COVID-19, SARS-CoV-2, 3-16-2020
NP65, USA, COVID-19, SARS-CoV-2, 3-16-2020
NPS-221, USA, COVID-19, SARS-CoV-2, 3-19-2020
NPS-241, USA, COVID-19, SARS-CoV-2, 3-19-2020
NPS-268, USA, COVID-19, SARS-CoV-2, 3-19-2020
NPS-279, USA, COVID-19, SARS-CoV-2, 3-19-2020
NPS-280, USA, COVID-19, SARS-CoV-2, 3-19-2020
NPS-283, USA, COVID-19, SARS-CoV-2, 3-19-2020
NPS-203, USA, COVID-19, SARS-CoV-2, 3-20-2020
NPS-212, USA, COVID-19, SARS-CoV-2, 3-20-2020
NPS-213, USA, COVID-19, SARS-CoV-2, 3-20-2020
NPS-214, USA, COVID-19, SARS-CoV-2, 3-20-2020
NPS-222, USA, COVID-19, SARS-CoV-2, 3-20-2020
NPS-238, USA, COVID-19, SARS-CoV-2, 3-20-2020
NPS-239, USA, COVID-19, SARS-CoV-2, 3-20-2020
NPS-246, USA, COVID-19, SARS-CoV-2, 3-20-2020
NPS-263, USA, COVID-19, SARS-CoV-2, 3-20-2020
NPS-269, USA, COVID-19, SARS-CoV-2, 3-20-2020
NPS-276, USA, COVID-19, SARS-CoV-2, 3-20-2020
NPS-284, USA, COVID-19, SARS-CoV-2, 3-20-2020
NPS-200, USA, COVID-19, SARS-CoV-2, 3-21-2020
NPS-201, USA, COVID-19, SARS-CoV-2, 3-21-2020
NPS-202, USA, COVID-19, SARS-CoV-2, 3-21-2020
NPS-205, USA, COVID-19, SARS-CoV-2, 3-21-2020
NPS-206, USA, COVID-19, SARS-CoV-2, 3-21-2020
NPS-208, USA, COVID-19, SARS-CoV-2, 3-21-2020
NPS-209, USA, COVID-19, SARS-CoV-2, 3-21-2020
NPS-211, USA, COVID-19, SARS-CoV-2, 3-21-2020
NPS-228, USA, COVID-19, SARS-CoV-2, 3-21-2020
NPS-207, USA, COVID-19, SARS-CoV-2, 3-22-2020
NPS-256, USA, COVID-19, SARS-CoV-2, 3-22-2020
NPS-274, USA, COVID-19, SARS-CoV-2, 3-22-2020
NPS-210, USA, COVID-19, SARS-CoV-2, 3-23-2020
NPS-223, USA, COVID-19, SARS-CoV-2, 3-23-2020
NPS-224, USA, COVID-19, SARS-CoV-2, 3-23-2020
NPS-240, USA, COVID-19, SARS-CoV-2, 3-23-2020
NPS-253, USA, COVID-19, SARS-CoV-2, 3-23-2020
NPS-255, USA, COVID-19, SARS-CoV-2, 3-23-2020
NPS-265, USA, COVID-19, SARS-CoV-2, 3-23-2020
NPS-266, USA, COVID-19, SARS-CoV-2, 3-23-2020
NPS-272, USA, COVID-19, SARS-CoV-2, 3-23-2020
NPS-286, USA, COVID-19, SARS-CoV-2, 3-23-2020
NPS-235, USA, COVID-19, SARS-CoV-2, 3-24-2020
NPS-236, USA, COVID-19, SARS-CoV-2, 3-24-2020
NPS-237, USA, COVID-19, SARS-CoV-2, 3-24-2020
NPS-244, USA, COVID-19, SARS-CoV-2, 3-24-2020
NPS-245, USA, COVID-19, SARS-CoV-2, 3-24-2020
NPS-247, USA, COVID-19, SARS-CoV-2, 3-24-2020
NPS-267, USA, COVID-19, SARS-CoV-2, 3-24-2020
NPS-273, USA, COVID-19, SARS-CoV-2, 3-24-2020
NPS-278, USA, COVID-19, SARS-CoV-2, 3-24-2020
NPS-285, USA, COVID-19, SARS-CoV-2, 3-24-2020
NPS-226, USA, COVID-19, SARS-CoV-2, 3-25-2020
NPS-231, USA, COVID-19, SARS-CoV-2, 3-25-2020
NPS-249, USA, COVID-19, SARS-CoV-2, 3-25-2020
NPS-254, USA, COVID-19, SARS-CoV-2, 3-25-2020
NPS-234, USA, COVID-19, SARS-CoV-2, 3-26-2020
NPS-242, USA, COVID-19, SARS-CoV-2, 3-26-2020
NPS-243, USA, COVID-19, SARS-CoV-2, 3-26-2020
NPS-250, USA, COVID-19, SARS-CoV-2, 3-26-2020
NPS-252, USA, COVID-19, SARS-CoV-2, 3-26-2020
NPS-259, USA, COVID-19, SARS-CoV-2, 3-26-2020
NPS-270, USA, COVID-19, SARS-CoV-2, 3-26-2020
NPS-271, USA, COVID-19, SARS-CoV-2, 3-26-2020
NPS-275, USA, COVID-19, SARS-CoV-2, 3-26-2020
NPS-287, USA, COVID-19, SARS-CoV-2, 3-26-2020
NPS-233, USA, COVID-19, SARS-CoV-2, 3-27-2020
NPS-260, USA, COVID-19, SARS-CoV-2, 3-27-2020
NPS-262, USA, COVID-19, SARS-CoV-2, 3-27-2020
NPS-282, USA, COVID-19, SARS-CoV-2, 3-27-2020
NPS-288, USA, COVID-19, SARS-CoV-2, 3-27-2020
NPS-305, USA, COVID-19, SARS-CoV-2, 3-27-2020
NPS-150, USA, Non-viral acute respiratory illness, No pathogen, 3-28-2020
NPS-152, USA, COVID-19, SARS-CoV-2, 3-28-2020
NPS-154, USA, COVID-19, SARS-CoV-2, 3-28-2020
NPS-175, USA, Non-viral acute respiratory illness, No pathogen, 3-28-2020
NPS-178, USA, Non-viral acute respiratory illness, No pathogen, 3-28-2020
NPS-180, USA, Non-viral acute respiratory illness, No pathogen, 3-28-2020
NPS-317, USA, COVID-19, SARS-CoV-2, 3-28-2020
NPS-318, USA, COVID-19, SARS-CoV-2, 3-28-2020
NPS-151, USA, COVID-19, SARS-CoV-2, 3-29-2020
NPS-184, USA, Non-viral acute respiratory illness, No pathogen, 3-29-2020
NPS-316, USA, COVID-19, SARS-CoV-2, 3-29-2020
NPS-90, USA, Non-viral acute respiratory illness, No pathogen, 3-29-2020
NPS-91, USA, Non-viral acute respiratory illness, No pathogen, 3-29-2020
NPS-134, USA, COVID-19, SARS-CoV-2, 3-30-2020
NPS-136, USA, COVID-19, SARS-CoV-2, 3-30-2020
NPS-137, USA, COVID-19, SARS-CoV-2, 3-30-2020
NPS-140, USA, COVID-19, SARS-CoV-2, 3-30-2020
NPS-145, USA, Non-viral acute respiratory illness, No pathogen, 3-30-2020
NPS-146, USA, Non-viral acute respiratory illness, No pathogen, 3-30-2020
NPS-147, USA, Non-viral acute respiratory illness, No pathogen, 3-30-2020
NPS-148, USA, Non-viral acute respiratory illness, No pathogen, 3-30-2020
NPS-149, USA, Non-viral acute respiratory illness, No pathogen, 3-30-2020
NPS-153, USA, Non-viral acute respiratory illness, No pathogen, 3-30-2020
NPS-155, USA, COVID-19, SARS-CoV-2, 3-30-2020
NPS-156, USA, Non-viral acute respiratory illness, No pathogen, 3-30-2020
NPS-157, USA, Non-viral acute respiratory illness, No pathogen, 3-30-2020
NPS-158, USA, COVID-19, SARS-CoV-2, 3-30-2020
NPS-160, USA, Non-viral acute respiratory illness, No pathogen, 3-30-2020
NPS-163, USA, Non-viral acute respiratory illness, No pathogen, 3-30-2020
NPS-164, USA, COVID-19, SARS-CoV-2, 3-30-2020
NPS-166, USA, Non-viral acute respiratory illness, No pathogen, 3-30-2020
NPS-167, USA, Non-viral acute respiratory illness, No pathogen, 3-30-2020
NPS-168, USA, Non-viral acute respiratory illness, No pathogen, 3-30-2020
NPS-169, USA, Non-viral acute respiratory illness, No pathogen, 3-30-2020
NPS-171, USA, COVID-19, SARS-CoV-2, 3-30-2020
NPS-181, USA, COVID-19, SARS-CoV-2, 3-30-2020
NPS-302, USA, COVID-19, SARS-CoV-2, 3-30-2020
NPS-315, USA, COVID-19, SARS-CoV-2, 3-30-2020
NPS-100, USA, Non-viral acute respiratory illness, No pathogen, 3-31-2020
NPS-101, USA, Non-viral acute respiratory illness, No pathogen, 3-31-2020
NPS-102, USA, Non-viral acute respiratory illness, No pathogen, 3-31-2020
NPS-103, USA, Non-viral acute respiratory illness, No pathogen, 3-31-2020
NPS-104, USA, Non-viral acute respiratory illness, No pathogen, 3-31-2020
NPS-105, USA, Non-viral acute respiratory illness, No pathogen, 3-31-2020
NPS-106, USA, Non-viral acute respiratory illness, No pathogen, 3-31-2020
NPS-107, USA, Non-viral acute respiratory illness, No pathogen, 3-31-2020
NPS-108, USA, Non-viral acute respiratory illness, No pathogen, 3-31-2020
NPS-109, USA, Non-viral acute respiratory illness, No pathogen, 3-31-2020
NPS-110, USA, Non-viral acute respiratory illness, No pathogen, 3-31-2020
NPS-111, USA, Non-viral acute respiratory illness, No pathogen, 3-31-2020
NPS-112, USA, Non-viral acute respiratory illness, No pathogen, 3-31-2020
NPS-113, USA, Non-viral acute respiratory illness, No pathogen, 3-31-2020
NPS-115, USA, Non-viral acute respiratory illness, No pathogen, 3-31-2020
NPS-116, USA, Non-viral acute respiratory illness, No pathogen, 3-31-2020
NPS-117, USA, Non-viral acute respiratory illness, No pathogen, 3-31-2020
NPS-118, USA, Non-viral acute respiratory illness, No pathogen, 3-31-2020
NPS-120, USA, Non-viral acute respiratory illness, No pathogen, 3-31-2020
NPS-122, USA, Viral acute respiratory illness, Rhinovirus, 3-31-2020
NPS-123, USA, Non-viral acute respiratory illness, No pathogen, 3-31-2020
NPS-124, USA, Non-viral acute respiratory illness, No pathogen, 3-31-2020
NPS-125, USA, Non-viral acute respiratory illness, No pathogen, 3-31-2020
NPS-126, USA, Non-viral acute respiratory illness, No pathogen, 3-31-2020
NPS-127, USA, Non-viral acute respiratory illness, No pathogen, 3-31-2020
NPS-128, USA, Non-viral acute respiratory illness, No pathogen, 3-31-2020
NPS-129, USA, Non-viral acute respiratory illness, No pathogen, 3-31-2020
NPS-130, USA, Non-viral acute respiratory illness, No pathogen, 3-31-2020
NPS-131, USA, Non-viral acute respiratory illness, No pathogen, 3-31-2020
NPS-132, USA, Non-viral acute respiratory illness, No pathogen, 3-31-2020
NPS-133, USA, Non-viral acute respiratory illness, No pathogen, 3-31-2020
NPS-135, USA, COVID-19, SARS-CoV-2, 3-31-2020
NPS-138, USA, COVID-19, SARS-CoV-2, 3-31-2020
NPS-139, USA, COVID-19, SARS-CoV-2, 3-31-2020
NPS-141, USA, Non-viral acute respiratory illness, No pathogen, 3-31-2020
NPS-142, USA, Non-viral acute respiratory illness, No pathogen, 3-31-2020
NPS-165, USA, COVID-19, SARS-CoV-2, 3-31-2020
NPS-170, USA, COVID-19, SARS-CoV-2, 3-31-2020
NPS-182, USA, COVID-19, SARS-CoV-2, 3-31-2020
NPS-183, USA, COVID-19, SARS-CoV-2, 3-31-2020
NPS-307, USA, COVID-19, SARS-CoV-2, 3-31-2020
NPS-308, USA, COVID-19, SARS-CoV-2, 3-31-2020
NPS-309, USA, COVID-19, SARS-CoV-2, 3-31-2020
NPS-311, USA, COVID-19, SARS-CoV-2, 3-31-2020
NPS-92, USA, Non-viral acute respiratory illness, No pathogen, 3-31-2020
NPS-95, USA, Non-viral acute respiratory illness, No pathogen, 3-31-2020
NPS-96, USA, Non-viral acute respiratory illness, No pathogen, 3-31-2020
NPS-98, USA, Non-viral acute respiratory illness, No pathogen, 3-31-2020
NPS-99, USA, Non-viral acute respiratory illness, No pathogen, 3-31-2020
NPS-172, USA, COVID-19, SARS-CoV-2, 4-1-2020
NPS-173, USA, COVID-19, SARS-CoV-2, 4-1-2020
NPS-176, USA, COVID-19, SARS-CoV-2, 4-1-2020
NPS-177, USA, COVID-19, SARS-CoV-2, 4-1-2020
NPS-306, USA, COVID-19, SARS-CoV-2, 4-1-2020
NPS-310, USA, COVID-19, SARS-CoV-2, 4-1-2020
NPS-314, USA, COVID-19, SARS-CoV-2, 4-1-2020
NPS-299, USA, COVID-19, SARS-CoV-2, 4-2-2020
NPS-291, USA, COVID-19, SARS-CoV-2, 4-5-2020
NPS-292, USA, COVID-19, SARS-CoV-2, 4-5-2020
NPS-293, USA, COVID-19, SARS-CoV-2, 4-5-2020
NPS-296, USA, COVID-19, SARS-CoV-2, 4-5-2020
NPS-218, USA, Non-viral acute respiratory illness, No pathogen, 4-6-2020
NPS-290, USA, COVID-19, SARS-CoV-2, 4-6-2020
NPS-321, USA, Non-viral acute respiratory illness, No pathogen, 4-6-2020
NPS-322, USA, Non-viral acute respiratory illness, No pathogen, 4-6-2020
NPS-323, USA, Non-viral acute respiratory illness, No pathogen, 4-6-2020
NPS-324, USA, Non-viral acute respiratory illness, No pathogen, 4-6-2020
NPS-325, USA, Non-viral acute respiratory illness, No pathogen, 4-6-2020
NPS-326, USA, Non-viral acute respiratory illness, No pathogen, 4-6-2020
NPS-327, USA, Non-viral acute respiratory illness, No pathogen, 4-6-2020
NPS-328, USA, Non-viral acute respiratory illness, No pathogen, 4-6-2020
NPS-329, USA, Non-viral acute respiratory illness, No pathogen, 4-6-2020
NPS-330, USA, Non-viral acute respiratory illness, No pathogen, 4-6-2020
NPS-331, USA, Non-viral acute respiratory illness, No pathogen, 4-6-2020
NPS-332, USA, Non-viral acute respiratory illness, No pathogen, 4-6-2020
NPS-335, USA, Non-viral acute respiratory illness, No pathogen, 4-6-2020
NPS-337, USA, Non-viral acute respiratory illness, No pathogen, 4-6-2020
NPS-338, USA, Non-viral acute respiratory illness, No pathogen, 4-6-2020
NPS-339, USA, Non-viral acute respiratory illness, No pathogen, 4-6-2020
NPS-341, USA, Non-viral acute respiratory illness, No pathogen, 4-6-2020
NPS-289, USA, COVID-19, SARS-CoV-2, 4-7-2020
NPS-294, USA, COVID-19, SARS-CoV-2, 4-7-2020
NPS-319, USA, COVID-19, SARS-CoV-2, 4-7-2020
NPS-333, USA, Non-viral acute respiratory illness, No pathogen, 4-7-2020
NPS-334, USA, Non-viral acute respiratory illness, No pathogen, 4-7-2020
NPS-336, USA, Non-viral acute respiratory illness, No pathogen, 4-7-2020
NPS-186, USA, Non-viral acute respiratory illness, No pathogen, 4-8-2020
NPS-187, USA, Non-viral acute respiratory illness, No pathogen, 4-8-2020
NPS-694, USA, COVID-19, SARS-CoV-2, 4-18-2020
Covid1, USA, COVID-19, SARS-CoV-2, N/A
Covid3, USA, COVID-19, SARS-CoV-2, N/A
Covid5, USA, COVID-19, SARS-CoV-2, N/A
Covid7, USA, COVID-19, SARS-CoV-2, N/A
NP14, USA, Viral acute respiratory illness, Influenza, N/A
NP15, USA, Viral acute respiratory illness, Influenza, N/A
NP17, USA, Viral acute respiratory illness, Influenza, N/A
NP197, USA, Viral acute respiratory illness, Influenza B, N/A
NP198, USA, Viral acute respiratory illness, Influenza A, N/A
NP199, USA, Viral acute respiratory illness, Influenza A, N/A
NP20, USA, Viral acute respiratory illness, Influenza, N/A
NP21, USA, Viral acute respiratory illness, Influenza, N/A
NP22, USA, Viral acute respiratory illness, Influenza, N/A
NP24, USA, Donor control, No pathogen, N/A
NP25, USA, Donor control, No pathogen, N/A
NP26, USA, Donor control, No pathogen, N/A
NP27, USA, Donor control, No pathogen, N/A
NP28, USA, Donor control, No pathogen, N/A
NP30, USA, Donor control, No pathogen, N/A
NP31, USA, Donor control, No pathogen, N/A
NP32, USA, Donor control, No pathogen, N/A
NP33, USA, Donor control, No pathogen, N/A
NP66, USA, Donor control, No pathogen, N/A
NP68, USA, Viral acute respiratory illness, Influenza A, N/A
NP69, USA, Viral acute respiratory illness, Influenza A, N/A
NP70, USA, Viral acute respiratory illness, Influenza B, N/A
NP71, USA, Viral acute respiratory illness, Influenza A, N/A
NP72, USA, Viral acute respiratory illness, Influenza A, N/A
NP73, USA, Viral acute respiratory illness, Coronavirus NL63, N/A
NP74, USA, Viral acute respiratory illness, Coronavirus OC43, N/A
NP75, USA, Viral acute respiratory illness, Coronavirus 229E, N/A
NP76, USA, Viral acute respiratory illness, Coronavirus OC43, N/A
NP77, USA, Viral acute respiratory illness, Coronavirus NL63, N/A
NP78, USA, Viral acute respiratory illness, Coronavirus HKU1, N/A
NP79, USA, Viral acute respiratory illness, Coronavirus HKU1, N/A
NP80, USA, Viral acute respiratory illness, Coronavirus 229E, N/A
NPS-193, USA, Viral acute respiratory illness, Coronavirus HKU1, N/A
NPS-194, USA, Viral acute respiratory illness, Coronavirus OC43, N/A
NPS-195, USA, Viral acute respiratory illness, Coronavirus NL63, N/A
NPS-196, USA, Viral acute respiratory illness, Coronavirus 229E, N/A
NPS-343, USA, Donor control, No pathogen, N/A
NPS-35, USA, Non-viral acute respiratory illness, No pathogen, N/A
NPS-83, USA, Viral acute respiratory illness, Rhinovirus, N/A
NPS-85, USA, Viral acute respiratory illness, Rhinovirus, N/A
NPS-87, USA, Viral acute respiratory illness, Human metapneumovirus, N/A
WB4, USA, Viral acute respiratory illness, Influenza, 3-6-2018
WB37, USA, Viral acute respiratory illness, Influenza, 3-4-2018
WB38, USA, Viral acute respiratory illness, Influenza, 3-6-2018
WB5, USA, Viral acute respiratory illness, Influenza, 3-8-2018
WB6, USA, Viral acute respiratory illness, Influenza, 3-9-2018
WB39, USA, Viral acute respiratory illness, Influenza, 3-9-2018
WB2, USA, Viral acute respiratory illness, Influenza, 3-11-2018
WB7, USA, Viral acute respiratory illness, Influenza, 3-12-2018
WB3, USA, Viral acute respiratory illness, Influenza, 3-13-2018
WB1, USA, Viral acute respiratory illness, Influenza, 3-14-2018
WB40, USA, Viral acute respiratory illness, Influenza, 3-20-218
WB8, USA, Viral acute respiratory illness, Influenza, 4-1-2018
WB29, USA, Viral acute respiratory illness, Influenza, 3-31-2018
WB9, USA, Viral acute respiratory illness, Influenza, 4-2-2018
WB42, USA, Viral acute respiratory illness, Influenza, 4-2-2018
WB49, USA, Viral acute respiratory illness, Influenza, 4-3-2018
WB10, USA, Viral acute respiratory illness, Influenza, 4-9-2018
WB30, USA, Viral acute respiratory illness, Influenza, 4-22-2018
WB11, USA, Viral acute respiratory illness, Influenza, 2-14-2019
WB31, USA, Viral acute respiratory illness, Influenza, 2-1-2019
WB50, USA, Donor control, No pathogen, N/A
WB51, USA, Donor control, No pathogen, N/A
WB53, USA, Donor control, No pathogen, N/A
WB52, USA, Donor control, No pathogen, N/A
WB12, USA, Donor control, No pathogen, N/A
WB45, USA, Donor control, No pathogen, N/A
WB13, USA, Donor control, No pathogen, N/A
WB43, USA, Donor control, No pathogen, N/A
WB55, USA, Donor control, No pathogen, N/A
WB14, USA, Donor control, No pathogen, N/A
WB54, USA, Donor control, No pathogen, N/A
WB46, USA, Donor control, No pathogen, N/A
WB47, USA, Donor control, No pathogen, N/A
WB44, USA, Donor control, No pathogen, N/A
WB15, USA, Donor control, No pathogen, N/A
WB48, USA, Donor control, No pathogen, N/A
WB32, USA, COVID-19," SARS-CoV-2, NP", 3-14-2020
WB34, USA, COVID-19," SARS-CoV-2, NP", 3-18-2020
WB19, USA, COVID-19," SARS-CoV-2, NP", 3-21-2020
WB35, USA, COVID-19," SARS-CoV-2, NP", 3-19-2020
WB23, USA, COVID-19," SARS-CoV-2, NP", 3-23-2020
WB36, USA, COVID-19," SARS-CoV-2, NP", 3-23-2020
WB25, USA, COVID-19," SARS-CoV-2, NP", 3-14-2020
WB41, USA, Donor control, No pathogen, N/A
WB26, USA, Donor control, No pathogen, N/A
WB27, USA, Donor control, No pathogen, N/A
WB28, USA, Donor control, No pathogen, N/A
FLU-22_S38, USA, Bacterial sepsis," Escherichia coli, blood culture", 8-21-2018
FLU-27_S195, USA, Bacterial sepsis," Group C Streptococcus, blood culture", 8-22-2018
FLU-29_S179, USA, Bacterial sepsis," Klebsiella pneumoniae, blood culture", 8-22-2018
FLU-30_S39, USA, Bacterial sepsis," Klebsiella oxytoca, blood culture", 8-22-2018
Flu45, USA, Bacterial sepsis," Escherichia coli, urine culture", 9-12-2018
